{
  "loss": [
    1.427415370941162,
    1.067297339439392,
    0.8167188763618469,
    0.6767203211784363,
    0.5378463268280029,
    0.459162175655365,
    0.3893870413303375,
    0.35944104194641113,
    0.2986976206302643,
    0.21862614154815674,
    0.2232631891965866,
    0.17466704547405243,
    0.1435985416173935,
    0.20266613364219666,
    0.14491060376167297,
    0.16761340200901031,
    0.11502500623464584,
    0.07596640288829803,
    0.05857417732477188,
    0.07195646315813065,
    0.08325831592082977,
    0.06411578506231308,
    0.07789802551269531,
    0.07159349322319031,
    0.03873659297823906,
    0.051223739981651306,
    0.044461093842983246,
    0.04630760848522186,
    0.045571550726890564,
    0.05784780532121658,
    0.038156621158123016,
    0.06616908311843872,
    0.09712959825992584,
    0.06548821181058884,
    0.04921239987015724,
    0.033446215093135834,
    0.04928611218929291
  ],
  "accuracy": [
    0.3589743673801422,
    0.553113579750061,
    0.6862027049064636,
    0.7338217496871948,
    0.8070818185806274,
    0.8351648449897766,
    0.8656898736953735,
    0.8742368817329407,
    0.9072039127349854,
    0.9389499425888062,
    0.9328449368476868,
    0.9523809552192688,
    0.9645909667015076,
    0.9242979288101196,
    0.9694749712944031,
    0.9487179517745972,
    0.9694749712944031,
    0.990231990814209,
    0.990231990814209,
    0.980463981628418,
    0.9755799770355225,
    0.9792429804801941,
    0.9780219793319702,
    0.980463981628418,
    0.9938949942588806,
    0.9877899885177612,
    0.990231990814209,
    0.9853479862213135,
    0.9877899885177612,
    0.9841269850730896,
    0.9914529919624329,
    0.9829059839248657,
    0.9670329689979553,
    0.9841269850730896,
    0.9816849827766418,
    0.9914529919624329,
    0.9853479862213135
  ],
  "val_loss": [
    1.474706768989563,
    1.2777265310287476,
    1.1119740009307861,
    0.9013904929161072,
    0.7430650591850281,
    0.5847530961036682,
    0.5783768892288208,
    0.5929545760154724,
    0.4387437701225281,
    0.3628782629966736,
    0.32867419719696045,
    0.3545548617839813,
    0.2235313355922699,
    0.32854795455932617,
    0.542222797870636,
    0.21995335817337036,
    0.21541818976402283,
    0.23573550581932068,
    0.20012842118740082,
    0.2078755795955658,
    0.16823799908161163,
    0.24092994630336761,
    0.2134825736284256,
    0.1384451687335968,
    0.13825799524784088,
    0.16504138708114624,
    0.18898756802082062,
    0.14568549394607544,
    0.09464840590953827,
    0.22029216587543488,
    0.09734932333230972,
    0.21018487215042114,
    0.25292909145355225,
    0.21643416583538055,
    0.11612383276224136,
    0.10740261524915695,
    0.25932568311691284
  ],
  "val_accuracy": [
    0.3365853726863861,
    0.4536585509777069,
    0.5317073464393616,
    0.5707316994667053,
    0.6682927012443542,
    0.795121967792511,
    0.785365879535675,
    0.8195121884346008,
    0.8585366010665894,
    0.8780487775802612,
    0.9024389982223511,
    0.8975609540939331,
    0.9268292784690857,
    0.8975609540939331,
    0.8341463208198547,
    0.9268292784690857,
    0.9268292784690857,
    0.9365853667259216,
    0.9414634108543396,
    0.9317073225975037,
    0.9414634108543396,
    0.9365853667259216,
    0.9414634108543396,
    0.9609755873680115,
    0.9560975432395935,
    0.9414634108543396,
    0.9414634108543396,
    0.9414634108543396,
    0.9560975432395935,
    0.9463414549827576,
    0.9512194991111755,
    0.9170731902122498,
    0.9073171019554138,
    0.9219512343406677,
    0.9658536314964294,
    0.9609755873680115,
    0.8926829099655151
  ]
}