{
  "loss": [
    1.456680417060852,
    1.2056931257247925,
    0.9283053874969482,
    0.8032221794128418,
    0.6954457759857178,
    0.5976555943489075,
    0.5601673722267151,
    0.4679708778858185,
    0.37298762798309326,
    0.3710041046142578,
    0.23539742827415466,
    0.18791019916534424,
    0.17963014543056488,
    0.14309751987457275,
    0.1738475263118744,
    0.1528351604938507,
    0.11156842112541199,
    0.08842917531728745,
    0.08674629777669907,
    0.07737969607114792,
    0.12561243772506714,
    0.0870073214173317,
    0.10060875117778778,
    0.07936322689056396,
    0.08526766300201416,
    0.08920244872570038,
    0.05957043915987015,
    0.07862240076065063,
    0.060952212661504745,
    0.04808008670806885,
    0.04014897346496582,
    0.03620675206184387,
    0.043759945780038834,
    0.020804323256015778,
    0.03598136082291603,
    0.043326158076524734,
    0.04279084876179695,
    0.06927955895662308,
    0.047282371670007706,
    0.05847841873764992,
    0.03677484020590782
  ],
  "accuracy": [
    0.36185818910598755,
    0.4841075837612152,
    0.6185818910598755,
    0.6552567481994629,
    0.7163814306259155,
    0.7848410606384277,
    0.7872860431671143,
    0.8288508653640747,
    0.8679706454277039,
    0.8875305652618408,
    0.9437652826309204,
    0.9633252024650574,
    0.9462102651596069,
    0.9682151675224304,
    0.95110023021698,
    0.9486552476882935,
    0.9779950976371765,
    0.9877750873565674,
    0.9877750873565674,
    0.9828850626945496,
    0.9657701849937439,
    0.9828850626945496,
    0.9779950976371765,
    0.9877750873565674,
    0.9828850626945496,
    0.9779950976371765,
    0.9877750873565674,
    0.9731051325798035,
    0.9853300452232361,
    0.9902200698852539,
    0.9877750873565674,
    0.9926650524139404,
    0.9877750873565674,
    1.0,
    0.9902200698852539,
    0.9853300452232361,
    0.9853300452232361,
    0.9853300452232361,
    0.9877750873565674,
    0.9828850626945496,
    0.9877750873565674
  ],
  "val_loss": [
    1.4498941898345947,
    1.2572832107543945,
    1.0736888647079468,
    0.9430751800537109,
    0.9091686010360718,
    0.8402804136276245,
    0.83603435754776,
    0.7545547485351562,
    0.7829849123954773,
    0.5769544839859009,
    0.460889607667923,
    0.38343459367752075,
    0.4302353262901306,
    0.41183438897132874,
    0.32145756483078003,
    0.35523366928100586,
    0.2576883137226105,
    0.20357142388820648,
    0.178066223859787,
    0.2317480742931366,
    0.1963127702474594,
    0.19120489060878754,
    0.18727591633796692,
    0.13194143772125244,
    0.13718625903129578,
    0.18621766567230225,
    0.16737663745880127,
    0.30031511187553406,
    0.12845663726329803,
    0.24657854437828064,
    0.11707991361618042,
    0.07738165557384491,
    0.05834544822573662,
    0.06902176886796951,
    0.06348715722560883,
    0.13916844129562378,
    0.09443049877882004,
    0.14778701961040497,
    0.10554523020982742,
    0.15533944964408875,
    0.259295254945755
  ],
  "val_accuracy": [
    0.26213592290878296,
    0.4563106894493103,
    0.5145630836486816,
    0.6116504669189453,
    0.5922330021858215,
    0.6504854559898376,
    0.6407766938209534,
    0.708737850189209,
    0.6601941585540771,
    0.8155339956283569,
    0.893203854560852,
    0.9029126167297363,
    0.8640776872634888,
    0.8543689250946045,
    0.9223300814628601,
    0.8834951519966125,
    0.9126213788986206,
    0.9417475461959839,
    0.9514563083648682,
    0.8834951519966125,
    0.9320388436317444,
    0.9320388436317444,
    0.9320388436317444,
    0.9514563083648682,
    0.9514563083648682,
    0.9320388436317444,
    0.9417475461959839,
    0.893203854560852,
    0.9514563083648682,
    0.9126213788986206,
    0.9708737730979919,
    0.9708737730979919,
    0.9805825352668762,
    0.9611650705337524,
    0.9805825352668762,
    0.9514563083648682,
    0.9708737730979919,
    0.9708737730979919,
    0.9611650705337524,
    0.9223300814628601,
    0.9320388436317444
  ]
}