,precision,recall,f1-score,support
rest,0.9130434782608695,0.65625,0.7636363636363637,64.0
story_math,0.4166666666666667,0.15625,0.22727272727272727,64.0
working_memory,0.36363636363636365,0.5,0.42105263157894735,64.0
motor,0.40816326530612246,0.625,0.49382716049382713,64.0
accuracy,0.484375,0.484375,0.484375,0.484375
macro avg,0.5253774434675056,0.484375,0.47644722074546636,256.0
weighted avg,0.5253774434675056,0.484375,0.47644722074546636,256.0
