,precision,recall,f1-score,support
rest,0.9423076923076923,0.765625,0.8448275862068966,64.0
story_math,0.7317073170731707,0.46875,0.5714285714285714,64.0
working_memory,0.5,0.484375,0.49206349206349204,64.0
motor,0.49504950495049505,0.78125,0.6060606060606061,64.0
accuracy,0.625,0.625,0.625,0.625
macro avg,0.6672661285828395,0.625,0.6285950639398915,256.0
weighted avg,0.6672661285828395,0.625,0.6285950639398915,256.0
