{
  "loss": [
    1.4329994916915894,
    1.0829699039459229,
    0.8657003045082092,
    0.7327669858932495,
    0.6579383611679077,
    0.524590253829956,
    0.4385027587413788,
    0.3258989453315735,
    0.2662988305091858,
    0.20620448887348175,
    0.19959329068660736,
    0.163484126329422
  ],
  "accuracy": [
    0.3798076808452606,
    0.5072115659713745,
    0.6370192170143127,
    0.6971153616905212,
    0.7475961446762085,
    0.8245192170143127,
    0.8653846383094788,
    0.9230769276618958,
    0.9447115659713745,
    0.9495192170143127,
    0.9471153616905212,
    0.9567307829856873
  ],
  "val_loss": [
    1.2656670808792114,
    1.070175051689148,
    0.955413818359375,
    0.9399867057800293,
    1.045822024345398,
    0.992402970790863,
    0.9752233624458313,
    0.955521285533905,
    0.9597275853157043,
    1.008589506149292,
    1.139848232269287,
    1.1649361848831177
  ],
  "val_accuracy": [
    0.40625,
    0.53125,
    0.65625,
    0.5833333134651184,
    0.5416666865348816,
    0.5,
    0.6041666865348816,
    0.5625,
    0.5416666865348816,
    0.5416666865348816,
    0.4895833432674408,
    0.4479166567325592
  ]
}