,precision,recall,f1-score,support
rest,0.8205128205128205,1.0,0.9014084507042254,32.0
story_math,0.6470588235294118,0.34375,0.4489795918367347,32.0
working_memory,0.4,0.4375,0.41791044776119407,32.0
motor,0.43243243243243246,0.5,0.463768115942029,32.0
accuracy,0.5703125,0.5703125,0.5703125,0.5703125
macro avg,0.5750010191186662,0.5703125,0.5580166515610457,128.0
weighted avg,0.5750010191186662,0.5703125,0.5580166515610457,128.0
