,precision,recall,f1-score,support
rest,0.9512195121951219,0.609375,0.7428571428571428,64.0
story_math,0.6666666666666666,0.125,0.21052631578947367,64.0
working_memory,0.2857142857142857,0.5625,0.3789473684210526,64.0
motor,0.2987012987012987,0.359375,0.326241134751773,64.0
accuracy,0.4140625,0.4140625,0.4140625,0.4140625
macro avg,0.5505754408193432,0.4140625,0.4146429904548605,256.0
weighted avg,0.5505754408193432,0.4140625,0.4146429904548605,256.0
