{
  "loss": [
    1.3408207893371582,
    0.9310436844825745,
    0.7492613792419434,
    0.6314935684204102,
    0.558073103427887,
    0.47598162293434143,
    0.4160385727882385,
    0.30730971693992615,
    0.258806973695755,
    0.18276076018810272,
    0.22777634859085083,
    0.1931275874376297,
    0.1304922252893448,
    0.11897046864032745,
    0.16513590514659882,
    0.13203737139701843,
    0.10211371630430222,
    0.08080056309700012,
    0.06372551620006561,
    0.05942856892943382,
    0.09009912610054016,
    0.06172291934490204,
    0.07437662780284882,
    0.07606475800275803,
    0.08016685396432877,
    0.08086543530225754,
    0.07326766103506088,
    0.06685443967580795,
    0.04160812497138977,
    0.028000324964523315,
    0.021271731704473495,
    0.035223785787820816,
    0.05429580807685852,
    0.07001210004091263,
    0.03611305356025696,
    0.03776419907808304,
    0.029417958110570908,
    0.029389644041657448,
    0.017829325050115585,
    0.01152580976486206,
    0.02317604422569275,
    0.01914369873702526,
    0.025305520743131638,
    0.024049632251262665,
    0.033449843525886536,
    0.029597844928503036,
    0.01742916740477085
  ],
  "accuracy": [
    0.4456654489040375,
    0.593406617641449,
    0.6886447072029114,
    0.7692307829856873,
    0.7826617956161499,
    0.8180708289146423,
    0.851037859916687,
    0.8986569046974182,
    0.9157509207725525,
    0.9536019563674927,
    0.9255189299583435,
    0.9462759494781494,
    0.9633699655532837,
    0.9682539701461792,
    0.949938952922821,
    0.9560439586639404,
    0.9682539701461792,
    0.9841269850730896,
    0.9877899885177612,
    0.9829059839248657,
    0.9682539701461792,
    0.9816849827766418,
    0.9731379747390747,
    0.9768009781837463,
    0.9731379747390747,
    0.9731379747390747,
    0.9755799770355225,
    0.9792429804801941,
    0.9926739931106567,
    0.9914529919624329,
    0.9951159954071045,
    0.9890109896659851,
    0.9853479862213135,
    0.9731379747390747,
    0.9914529919624329,
    0.9890109896659851,
    0.9877899885177612,
    0.9938949942588806,
    0.9975579977035522,
    0.9951159954071045,
    0.9926739931106567,
    0.9963369965553284,
    0.9951159954071045,
    0.9914529919624329,
    0.990231990814209,
    0.9938949942588806,
    0.9963369965553284
  ],
  "val_loss": [
    2.830752372741699,
    2.3185253143310547,
    1.5286260843276978,
    1.184412956237793,
    0.9581458568572998,
    0.6325893402099609,
    0.48022252321243286,
    0.5157102346420288,
    0.4417320489883423,
    0.40013641119003296,
    0.4748817980289459,
    0.37165454030036926,
    0.3348526358604431,
    0.2933163642883301,
    0.36608245968818665,
    0.3460012972354889,
    0.2942792475223541,
    0.24236923456192017,
    0.1968301236629486,
    0.2564629316329956,
    0.24734924733638763,
    0.31364181637763977,
    0.3149886727333069,
    0.2521200180053711,
    0.2361820936203003,
    0.2668069005012512,
    0.18714666366577148,
    0.23167957365512848,
    0.12342620640993118,
    0.1177431121468544,
    0.10192025452852249,
    0.10106921941041946,
    0.19164112210273743,
    0.11042460054159164,
    0.14779506623744965,
    0.1340535581111908,
    0.14850971102714539,
    0.16797488927841187,
    0.07454098016023636,
    0.12646347284317017,
    0.12083335220813751,
    0.14149229228496552,
    0.14667145907878876,
    0.16522322595119476,
    0.1626630574464798,
    0.09530586749315262,
    0.11912361532449722
  ],
  "val_accuracy": [
    0.4146341383457184,
    0.4585365951061249,
    0.5414634346961975,
    0.5951219797134399,
    0.6878048777580261,
    0.7463414669036865,
    0.8390243649482727,
    0.8195121884346008,
    0.8487805128097534,
    0.8390243649482727,
    0.8146341443061829,
    0.8585366010665894,
    0.8829268217086792,
    0.8878048658370972,
    0.8926829099655151,
    0.8585366010665894,
    0.8682926893234253,
    0.9219512343406677,
    0.9463414549827576,
    0.8926829099655151,
    0.9170731902122498,
    0.9121951460838318,
    0.9073171019554138,
    0.8975609540939331,
    0.9121951460838318,
    0.9317073225975037,
    0.9512194991111755,
    0.9414634108543396,
    0.9658536314964294,
    0.9658536314964294,
    0.9707317352294922,
    0.9658536314964294,
    0.9317073225975037,
    0.9463414549827576,
    0.9609755873680115,
    0.9609755873680115,
    0.9609755873680115,
    0.9512194991111755,
    0.9804878234863281,
    0.9560975432395935,
    0.9560975432395935,
    0.9512194991111755,
    0.9414634108543396,
    0.9560975432395935,
    0.9463414549827576,
    0.9707317352294922,
    0.9512194991111755
  ]
}