,precision,recall,f1-score,support
rest,0.9615384615384616,0.78125,0.8620689655172413,32.0
story_math,0.68,0.53125,0.5964912280701754,32.0
working_memory,0.3611111111111111,0.40625,0.38235294117647056,32.0
motor,0.36585365853658536,0.46875,0.410958904109589,32.0
accuracy,0.546875,0.546875,0.546875,0.546875
macro avg,0.5921258077965394,0.546875,0.562968009718369,128.0
weighted avg,0.5921258077965394,0.546875,0.562968009718369,128.0
