,precision,recall,f1-score,support
rest,0.9615384615384616,0.78125,0.8620689655172413,32.0
story_math,0.35,0.4375,0.3888888888888889,32.0
working_memory,0.34615384615384615,0.28125,0.3103448275862069,32.0
motor,0.4166666666666667,0.46875,0.4411764705882353,32.0
accuracy,0.4921875,0.4921875,0.4921875,0.4921875
macro avg,0.5185897435897435,0.4921875,0.5006197881451431,128.0
weighted avg,0.5185897435897435,0.4921875,0.5006197881451431,128.0
