,precision,recall,f1-score,support
rest,0.8076923076923077,0.65625,0.7241379310344828,64.0
story_math,0.5,0.09375,0.15789473684210525,64.0
working_memory,0.32456140350877194,0.578125,0.4157303370786517,64.0
motor,0.34615384615384615,0.421875,0.38028169014084506,64.0
accuracy,0.4375,0.4375,0.4375,0.4375
macro avg,0.4946018893387315,0.4375,0.41951117377402114,256.0
weighted avg,0.4946018893387315,0.4375,0.41951117377402114,256.0
