,precision,recall,f1-score,support
rest,0.8787878787878788,0.453125,0.5979381443298969,64.0
story_math,0.6119402985074627,0.640625,0.6259541984732824,64.0
working_memory,0.5172413793103449,0.234375,0.3225806451612903,64.0
motor,0.30708661417322836,0.609375,0.4083769633507853,64.0
accuracy,0.484375,0.484375,0.484375,0.484375
macro avg,0.5787640426947286,0.484375,0.4887124878288137,256.0
weighted avg,0.5787640426947286,0.484375,0.4887124878288137,256.0
