,precision,recall,f1-score,support
rest,0.896551724137931,0.8125,0.8524590163934426,64.0
story_math,0.7878787878787878,0.40625,0.5360824742268041,64.0
working_memory,0.6136363636363636,0.84375,0.7105263157894737,64.0
motor,0.5584415584415584,0.671875,0.6099290780141844,64.0
accuracy,0.68359375,0.68359375,0.68359375,0.68359375
macro avg,0.7141271085236602,0.68359375,0.6772492211059762,256.0
weighted avg,0.7141271085236602,0.68359375,0.6772492211059762,256.0
