{
  "loss": [
    1.43828284740448,
    1.047256350517273,
    0.877509593963623,
    0.6847285032272339,
    0.5798004269599915,
    0.4409628212451935,
    0.3252581059932709,
    0.2795799970626831,
    0.25976917147636414,
    0.22090888023376465,
    0.22216922044754028,
    0.16919314861297607,
    0.11751096695661545,
    0.10231591016054153,
    0.1065848171710968,
    0.08938474208116531,
    0.07210873812437057,
    0.056623268872499466,
    0.05484363064169884,
    0.05200200527906418
  ],
  "accuracy": [
    0.3553921580314636,
    0.5281862616539001,
    0.6200980544090271,
    0.7254902124404907,
    0.7683823704719543,
    0.8553921580314636,
    0.9019607901573181,
    0.9093137383460999,
    0.9154411554336548,
    0.9338235259056091,
    0.9227941036224365,
    0.9497548937797546,
    0.9656862616539001,
    0.9754902124404907,
    0.969362735748291,
    0.9816176295280457,
    0.9877451062202454,
    0.9865196347236633,
    0.9889705777168274,
    0.9877451062202454
  ],
  "val_loss": [
    1.345615267753601,
    1.2225325107574463,
    1.1389790773391724,
    0.9864909052848816,
    0.8529541492462158,
    0.6821107268333435,
    0.6252145171165466,
    0.468267560005188,
    0.5921720266342163,
    0.5240354537963867,
    0.617807149887085,
    0.40569746494293213,
    0.42170947790145874,
    0.42100492119789124,
    0.4342609643936157,
    0.4716111719608307,
    0.49663421511650085,
    0.4214780032634735,
    0.4704802930355072,
    0.42592793703079224
  ],
  "val_accuracy": [
    0.42307692766189575,
    0.4663461446762085,
    0.4759615361690521,
    0.5721153616905212,
    0.6394230723381042,
    0.7163461446762085,
    0.7163461446762085,
    0.8269230723381042,
    0.8028846383094788,
    0.8028846383094788,
    0.8028846383094788,
    0.8653846383094788,
    0.875,
    0.8605769276618958,
    0.879807710647583,
    0.8509615659713745,
    0.8605769276618958,
    0.8942307829856873,
    0.8605769276618958,
    0.8846153616905212
  ]
}