{
  "loss": [
    1.6422783136367798,
    1.179837942123413,
    0.9370676279067993,
    0.85787433385849,
    0.7793198823928833,
    0.6400099396705627,
    0.5447240471839905,
    0.49887964129447937,
    0.3606308698654175,
    0.3327937126159668,
    0.3217872381210327,
    0.17672915756702423,
    0.2049487829208374,
    0.17737135291099548,
    0.14740315079689026,
    0.1427491456270218,
    0.13017280399799347,
    0.07760413736104965,
    0.08395638316869736,
    0.0664309412240982,
    0.07298185676336288,
    0.04986289143562317,
    0.12292109429836273,
    0.15515922009944916,
    0.08638384193181992,
    0.07656323909759521,
    0.08928216993808746,
    0.055407389998435974,
    0.04885801300406456,
    0.04246034100651741
  ],
  "accuracy": [
    0.2958435118198395,
    0.49877750873565674,
    0.5696821808815002,
    0.621026873588562,
    0.6821516156196594,
    0.7261613607406616,
    0.7872860431671143,
    0.8092909455299377,
    0.8850855827331543,
    0.8924205303192139,
    0.8973104953765869,
    0.9584352374076843,
    0.95110023021698,
    0.9584352374076843,
    0.9731051325798035,
    0.95110023021698,
    0.9535452127456665,
    0.9828850626945496,
    0.980440080165863,
    0.9926650524139404,
    0.9828850626945496,
    0.9902200698852539,
    0.9633252024650574,
    0.9462102651596069,
    0.9877750873565674,
    0.980440080165863,
    0.9779950976371765,
    0.9853300452232361,
    0.9902200698852539,
    0.9926650524139404
  ],
  "val_loss": [
    1.355493187904358,
    1.2904223203659058,
    1.0378421545028687,
    1.1285027265548706,
    0.9909054636955261,
    0.9536612033843994,
    0.8476424217224121,
    0.7266841530799866,
    0.8264602422714233,
    0.6470181345939636,
    0.5418623685836792,
    0.4693559408187866,
    0.43200013041496277,
    0.38116455078125,
    0.36850443482398987,
    0.39954057335853577,
    0.2835540175437927,
    0.2235550433397293,
    0.26493239402770996,
    0.17526747286319733,
    0.17390389740467072,
    0.1303742378950119,
    0.24181567132472992,
    0.3970431387424469,
    0.2793898582458496,
    0.23199957609176636,
    0.23309814929962158,
    0.18667902052402496,
    0.14103716611862183,
    0.1952473521232605
  ],
  "val_accuracy": [
    0.3689320385456085,
    0.35922330617904663,
    0.5339806079864502,
    0.4757281541824341,
    0.5631067752838135,
    0.6310679316520691,
    0.6116504669189453,
    0.7766990065574646,
    0.6019417643547058,
    0.7766990065574646,
    0.8058252334594727,
    0.844660222530365,
    0.8834951519966125,
    0.8640776872634888,
    0.9126213788986206,
    0.8543689250946045,
    0.9223300814628601,
    0.9320388436317444,
    0.9320388436317444,
    0.9514563083648682,
    0.9320388436317444,
    0.9611650705337524,
    0.9029126167297363,
    0.844660222530365,
    0.893203854560852,
    0.9126213788986206,
    0.9223300814628601,
    0.9126213788986206,
    0.9514563083648682,
    0.9320388436317444
  ]
}