,precision,recall,f1-score,support
rest,0.8695652173913043,0.625,0.7272727272727273,64.0
story_math,0.5689655172413793,0.515625,0.5409836065573771,64.0
working_memory,0.6216216216216216,0.359375,0.45544554455445546,64.0
motor,0.34782608695652173,0.625,0.44692737430167595,64.0
accuracy,0.53125,0.53125,0.53125,0.53125
macro avg,0.6019946108027068,0.53125,0.542657313171559,256.0
weighted avg,0.6019946108027068,0.53125,0.542657313171559,256.0
