,precision,recall,f1-score,support
rest,0.78,0.609375,0.6842105263157895,64.0
story_math,0.6615384615384615,0.671875,0.6666666666666666,64.0
working_memory,0.6511627906976745,0.4375,0.5233644859813084,64.0
motor,0.37755102040816324,0.578125,0.4567901234567901,64.0
accuracy,0.57421875,0.57421875,0.57421875,0.57421875
macro avg,0.6175630681610748,0.57421875,0.5827579506051386,256.0
weighted avg,0.6175630681610748,0.57421875,0.5827579506051386,256.0
