,precision,recall,f1-score,support
rest,0.9803921568627451,0.78125,0.8695652173913042,64.0
story_math,0.7647058823529411,0.40625,0.5306122448979592,64.0
working_memory,0.4626865671641791,0.484375,0.4732824427480916,64.0
motor,0.4519230769230769,0.734375,0.5595238095238095,64.0
accuracy,0.6015625,0.6015625,0.6015625,0.6015625
macro avg,0.6649269208257357,0.6015625,0.6082459286402913,256.0
weighted avg,0.6649269208257357,0.6015625,0.6082459286402913,256.0
