{
  "loss": [
    1.4091219902038574,
    1.3863080739974976,
    1.3779090642929077,
    1.3630216121673584,
    1.3628792762756348,
    1.3490732908248901,
    1.33357834815979,
    1.3123722076416016,
    1.269440770149231,
    1.2245631217956543,
    1.1615976095199585,
    1.1246298551559448,
    1.0986474752426147,
    1.0797759294509888,
    1.023991346359253,
    1.0093533992767334,
    0.9878635406494141,
    0.9617541432380676,
    0.9376685619354248,
    0.9293714165687561,
    0.9085444808006287,
    0.8967229723930359,
    0.8746830821037292,
    0.8418520092964172,
    0.8460683822631836,
    0.8039339780807495,
    0.7728858590126038,
    0.7571622133255005,
    0.750723123550415,
    0.7310279011726379,
    0.6751685738563538,
    0.6810053586959839,
    0.6674790978431702,
    0.6410105228424072,
    0.5965861678123474,
    0.5826507806777954,
    0.5570956468582153,
    0.5477219820022583,
    0.5310344696044922,
    0.5175303816795349,
    0.48926281929016113,
    0.4712406098842621,
    0.44324007630348206,
    0.4348331689834595,
    0.4359208345413208,
    0.40342673659324646,
    0.42985132336616516,
    0.4276535212993622,
    0.41403090953826904,
    0.3920170068740845
  ],
  "accuracy": [
    0.24449877440929413,
    0.2518337368965149,
    0.2958435118198395,
    0.3325183391571045,
    0.347188264131546,
    0.3643031716346741,
    0.37163814902305603,
    0.4474327564239502,
    0.4474327564239502,
    0.4914425313472748,
    0.5378972887992859,
    0.5330073237419128,
    0.5330073237419128,
    0.5378972887992859,
    0.5843520760536194,
    0.6136919260025024,
    0.6088019609451294,
    0.6259168982505798,
    0.640586793422699,
    0.6503667235374451,
    0.6870415806770325,
    0.6577017307281494,
    0.6674816608428955,
    0.7041564583778381,
    0.7237163782119751,
    0.7359412908554077,
    0.7481662631034851,
    0.7848410606384277,
    0.7726161479949951,
    0.7848410606384277,
    0.8312958478927612,
    0.8117359280586243,
    0.8312958478927612,
    0.8361858129501343,
    0.8533007502555847,
    0.8679706454277039,
    0.8973104953765869,
    0.9095354676246643,
    0.8997554779052734,
    0.8997554779052734,
    0.9046455025672913,
    0.9242053627967834,
    0.9315403699874878,
    0.9339853525161743,
    0.9290953278541565,
    0.9584352374076843,
    0.9315403699874878,
    0.9168704152107239,
    0.9242053627967834,
    0.9413203001022339
  ],
  "val_loss": [
    1.3855977058410645,
    1.3851666450500488,
    1.3845734596252441,
    1.383580207824707,
    1.3829536437988281,
    1.3794902563095093,
    1.3777520656585693,
    1.3522088527679443,
    1.319137454032898,
    1.2581571340560913,
    1.1998199224472046,
    1.1665477752685547,
    1.1267143487930298,
    1.060821771621704,
    1.0644123554229736,
    1.0554139614105225,
    1.0222046375274658,
    1.029250979423523,
    1.0272327661514282,
    1.0102068185806274,
    1.0350019931793213,
    0.969029426574707,
    0.9561547636985779,
    0.9657949805259705,
    0.942626416683197,
    0.9347768425941467,
    0.9315827488899231,
    0.8817437291145325,
    0.8632258176803589,
    0.8614677786827087,
    0.7960249781608582,
    0.7713329792022705,
    0.7632588744163513,
    0.7318472266197205,
    0.7449213862419128,
    0.6595935821533203,
    0.6191145181655884,
    0.6552243828773499,
    0.5928429365158081,
    0.6195831298828125,
    0.5846934914588928,
    0.6215860247612,
    0.6021334528923035,
    0.5570482611656189,
    0.5532503128051758,
    0.5750865936279297,
    0.5494365692138672,
    0.5547519326210022,
    0.507964015007019,
    0.4474601149559021
  ],
  "val_accuracy": [
    0.24271844327449799,
    0.3009708821773529,
    0.3689320385456085,
    0.33980581164360046,
    0.3300970792770386,
    0.3009708821773529,
    0.3300970792770386,
    0.3300970792770386,
    0.33980581164360046,
    0.3980582654476166,
    0.41747573018074036,
    0.41747573018074036,
    0.4757281541824341,
    0.48543688654899597,
    0.48543688654899597,
    0.49514561891555786,
    0.5436893105506897,
    0.5145630836486816,
    0.553398072719574,
    0.5728155374526978,
    0.582524299621582,
    0.6019417643547058,
    0.5436893105506897,
    0.6116504669189453,
    0.553398072719574,
    0.6019417643547058,
    0.6310679316520691,
    0.6699029207229614,
    0.6601941585540771,
    0.7184466123580933,
    0.7669903039932251,
    0.737864077091217,
    0.7184466123580933,
    0.7572815418243408,
    0.737864077091217,
    0.7669903039932251,
    0.8349514603614807,
    0.7864077687263489,
    0.8543689250946045,
    0.8155339956283569,
    0.8640776872634888,
    0.8543689250946045,
    0.8155339956283569,
    0.8737863898277283,
    0.8834951519966125,
    0.8640776872634888,
    0.8737863898277283,
    0.8155339956283569,
    0.8834951519966125,
    0.9126213788986206
  ]
}