,precision,recall,f1-score,support
rest,0.7647058823529411,0.609375,0.6782608695652174,64.0
story_math,1.0,0.078125,0.14492753623188406,64.0
working_memory,0.2549019607843137,0.40625,0.3132530120481928,64.0
motor,0.23469387755102042,0.359375,0.2839506172839506,64.0
accuracy,0.36328125,0.36328125,0.36328125,0.36328125
macro avg,0.5635754301720688,0.36328125,0.3550980087823112,256.0
weighted avg,0.5635754301720688,0.36328125,0.3550980087823112,256.0
