,precision,recall,f1-score,support
rest,0.875,0.65625,0.75,64.0
story_math,1.0,0.359375,0.5287356321839081,64.0
working_memory,0.4318181818181818,0.59375,0.5,64.0
motor,0.4536082474226804,0.6875,0.546583850931677,64.0
accuracy,0.57421875,0.57421875,0.57421875,0.57421875
macro avg,0.6901066073102156,0.57421875,0.5813298707788963,256.0
weighted avg,0.6901066073102156,0.57421875,0.5813298707788963,256.0
