,precision,recall,f1-score,support
rest,0.6862745098039216,0.546875,0.6086956521739131,64.0
story_math,0.8709677419354839,0.421875,0.5684210526315789,64.0
working_memory,0.5517241379310345,0.25,0.3440860215053763,64.0
motor,0.4,0.90625,0.5550239234449762,64.0
accuracy,0.53125,0.53125,0.53125,0.53125
macro avg,0.6272415974176099,0.53125,0.5190566624389611,256.0
weighted avg,0.6272415974176099,0.53125,0.5190566624389611,256.0
