,precision,recall,f1-score,support
rest,0.8611111111111112,0.484375,0.62,64.0
story_math,1.0,0.203125,0.33766233766233766,64.0
working_memory,0.30275229357798167,0.515625,0.3815028901734104,64.0
motor,0.41836734693877553,0.640625,0.5061728395061729,64.0
accuracy,0.4609375,0.4609375,0.4609375,0.4609375
macro avg,0.6455576879069671,0.4609375,0.4613345168354802,256.0
weighted avg,0.6455576879069671,0.4609375,0.4613345168354802,256.0
