{
  "loss": [
    1.3861219882965088,
    1.3303076028823853,
    1.206441879272461,
    0.9891166090965271,
    0.8102845549583435,
    0.7176234722137451,
    0.663476824760437,
    0.647736132144928,
    0.6350440979003906,
    0.590066134929657,
    0.5453688502311707,
    0.5230094790458679,
    0.49247968196868896,
    0.46910360455513,
    0.43612632155418396,
    0.4132876992225647,
    0.38965243101119995,
    0.38205280900001526,
    0.34739792346954346,
    0.33004167675971985,
    0.3219541609287262,
    0.3133848309516907,
    0.2892485558986664,
    0.27093055844306946,
    0.2939564287662506,
    0.24653489887714386,
    0.2348710149526596,
    0.2173488885164261,
    0.20289885997772217,
    0.1848999559879303,
    0.17712551355361938,
    0.1807299256324768,
    0.16236677765846252,
    0.1543099284172058,
    0.14377665519714355,
    0.18371768295764923,
    0.13950571417808533,
    0.12852272391319275,
    0.11718571186065674,
    0.11232015490531921,
    0.12236268818378448,
    0.10477325320243835,
    0.09841292351484299,
    0.10573817044496536,
    0.10285833477973938,
    0.09172748029232025,
    0.09650242328643799,
    0.09079987555742264,
    0.10517703741788864,
    0.09734397381544113
  ],
  "accuracy": [
    0.2429792433977127,
    0.4017094075679779,
    0.5189255475997925,
    0.6239316463470459,
    0.7081807255744934,
    0.7496947646141052,
    0.7826617956161499,
    0.7680097818374634,
    0.771672785282135,
    0.8046398162841797,
    0.8351648449897766,
    0.870573878288269,
    0.8669108748435974,
    0.8876678943634033,
    0.9023199081420898,
    0.9023199081420898,
    0.9145299196243286,
    0.9157509207725525,
    0.9255189299583435,
    0.9438339471817017,
    0.9316239356994629,
    0.94017094373703,
    0.9560439586639404,
    0.9450549483299255,
    0.9413919448852539,
    0.9633699655532837,
    0.9609279632568359,
    0.9719169735908508,
    0.9682539701461792,
    0.9841269850730896,
    0.980463981628418,
    0.9743589758872986,
    0.9829059839248657,
    0.9865689873695374,
    0.990231990814209,
    0.9645909667015076,
    0.9853479862213135,
    0.9877899885177612,
    0.9926739931106567,
    0.9938949942588806,
    0.9853479862213135,
    0.9951159954071045,
    0.9987789988517761,
    0.9914529919624329,
    0.9926739931106567,
    0.9987789988517761,
    0.9914529919624329,
    0.9926739931106567,
    0.9914529919624329,
    0.990231990814209
  ],
  "val_loss": [
    1.386378288269043,
    1.3813592195510864,
    1.3417766094207764,
    1.1673823595046997,
    0.9922043085098267,
    0.9225373864173889,
    0.8509502410888672,
    0.7801181674003601,
    0.7383399605751038,
    0.639420211315155,
    0.6711523532867432,
    0.5694321393966675,
    0.5273626446723938,
    0.49792879819869995,
    0.49590978026390076,
    0.4499998986721039,
    0.4552743434906006,
    0.4019770324230194,
    0.35634198784828186,
    0.35980451107025146,
    0.36701372265815735,
    0.3451029360294342,
    0.3406510651111603,
    0.36083272099494934,
    0.3383704125881195,
    0.28532496094703674,
    0.28203487396240234,
    0.2818065285682678,
    0.2681579291820526,
    0.2693951427936554,
    0.2644746005535126,
    0.23800380527973175,
    0.23404639959335327,
    0.2147963047027588,
    0.28910231590270996,
    0.24802982807159424,
    0.20070917904376984,
    0.21404947340488434,
    0.1828046292066574,
    0.1751718819141388,
    0.19500583410263062,
    0.18327735364437103,
    0.21050623059272766,
    0.14666299521923065,
    0.16964980959892273,
    0.14906983077526093,
    0.1431916505098343,
    0.14342311024665833,
    0.1368081271648407,
    0.12389542907476425
  ],
  "val_accuracy": [
    0.2829268276691437,
    0.2634146213531494,
    0.5170731544494629,
    0.6390243768692017,
    0.6536585092544556,
    0.6634146571159363,
    0.6536585092544556,
    0.7170731425285339,
    0.707317054271698,
    0.7463414669036865,
    0.795121967792511,
    0.8390243649482727,
    0.8585366010665894,
    0.8731707334518433,
    0.8487805128097534,
    0.8487805128097534,
    0.8536585569381714,
    0.8829268217086792,
    0.8926829099655151,
    0.8878048658370972,
    0.8926829099655151,
    0.8878048658370972,
    0.9121951460838318,
    0.8878048658370972,
    0.9121951460838318,
    0.9170731902122498,
    0.9170731902122498,
    0.9170731902122498,
    0.9121951460838318,
    0.9219512343406677,
    0.9121951460838318,
    0.9560975432395935,
    0.9268292784690857,
    0.9512194991111755,
    0.9073171019554138,
    0.9121951460838318,
    0.9463414549827576,
    0.9512194991111755,
    0.9512194991111755,
    0.9609755873680115,
    0.9463414549827576,
    0.9463414549827576,
    0.9414634108543396,
    0.9512194991111755,
    0.9560975432395935,
    0.9658536314964294,
    0.9902439117431641,
    0.9658536314964294,
    0.9804878234863281,
    0.9707317352294922
  ]
}