,precision,recall,f1-score,support
rest,0.9245283018867925,0.765625,0.8376068376068376,64.0
story_math,0.9,0.28125,0.42857142857142855,64.0
working_memory,0.7857142857142857,0.859375,0.8208955223880597,64.0
motor,0.5309734513274337,0.9375,0.6779661016949152,64.0
accuracy,0.7109375,0.7109375,0.7109375,0.7109375
macro avg,0.7853040097321279,0.7109375,0.6912599725653102,256.0
weighted avg,0.7853040097321279,0.7109375,0.6912599725653102,256.0
