,precision,recall,f1-score,support
rest,0.9142857142857143,1.0,0.9552238805970149,32.0
story_math,0.37142857142857144,0.40625,0.3880597014925373,32.0
working_memory,0.38095238095238093,0.25,0.3018867924528302,32.0
motor,0.4864864864864865,0.5625,0.5217391304347826,32.0
accuracy,0.5546875,0.5546875,0.5546875,0.5546875
macro avg,0.5382882882882882,0.5546875,0.5417273762442912,128.0
weighted avg,0.5382882882882882,0.5546875,0.5417273762442912,128.0
