,precision,recall,f1-score,support
rest,0.875,0.765625,0.8166666666666667,64.0
story_math,0.95,0.296875,0.45238095238095244,64.0
working_memory,0.6307692307692307,0.640625,0.6356589147286822,64.0
motor,0.48695652173913045,0.875,0.6256983240223464,64.0
accuracy,0.64453125,0.64453125,0.64453125,0.64453125
macro avg,0.7356814381270902,0.64453125,0.6326012144496619,256.0
weighted avg,0.7356814381270902,0.64453125,0.6326012144496619,256.0
