,precision,recall,f1-score,support
rest,1.0,0.875,0.9333333333333333,32.0
story_math,0.6363636363636364,0.65625,0.6461538461538462,32.0
working_memory,0.3902439024390244,0.5,0.4383561643835617,32.0
motor,0.6923076923076923,0.5625,0.6206896551724138,32.0
accuracy,0.6484375,0.6484375,0.6484375,0.6484375
macro avg,0.6797288077775883,0.6484375,0.6596332497607887,128.0
weighted avg,0.6797288077775883,0.6484375,0.6596332497607887,128.0
