,precision,recall,f1-score,support
rest,0.8620689655172413,0.390625,0.5376344086021505,64.0
story_math,0.7608695652173914,0.546875,0.6363636363636364,64.0
working_memory,0.22448979591836735,0.171875,0.19469026548672566,64.0
motor,0.3560606060606061,0.734375,0.47959183673469385,64.0
accuracy,0.4609375,0.4609375,0.4609375,0.4609375
macro avg,0.5508722331784015,0.4609375,0.4620700367968016,256.0
weighted avg,0.5508722331784015,0.4609375,0.4620700367968016,256.0
