,precision,recall,f1-score,support
rest,0.8863636363636364,0.609375,0.7222222222222222,64.0
story_math,0.896551724137931,0.40625,0.5591397849462365,64.0
working_memory,0.44776119402985076,0.46875,0.4580152671755725,64.0
motor,0.3706896551724138,0.671875,0.4777777777777778,64.0
accuracy,0.5390625,0.5390625,0.5390625,0.5390625
macro avg,0.6503415524259579,0.5390625,0.5542887630304523,256.0
weighted avg,0.6503415524259579,0.5390625,0.5542887630304523,256.0
