{
  "loss": [
    1.3937504291534424,
    1.3636161088943481,
    1.3257371187210083,
    1.2557408809661865,
    1.1920832395553589,
    1.122940182685852,
    1.0577502250671387,
    1.009954571723938,
    0.9518895745277405,
    0.9191011190414429,
    0.8988315463066101,
    0.8520073294639587,
    0.8302633762359619,
    0.8059666752815247,
    0.7718955278396606,
    0.7255591750144958,
    0.7119662761688232,
    0.6688809990882874,
    0.6393909454345703,
    0.5848803520202637,
    0.5633665323257446,
    0.5307350754737854,
    0.5120872855186462,
    0.4575527012348175,
    0.4291956126689911,
    0.37135156989097595,
    0.3352344036102295,
    0.3237116038799286,
    0.29462364315986633,
    0.28771770000457764,
    0.2798479497432709,
    0.28561627864837646,
    0.2556851804256439,
    0.2395850419998169,
    0.22537373006343842,
    0.19993366301059723,
    0.2033533751964569,
    0.21313290297985077,
    0.18107348680496216,
    0.22268818318843842,
    0.2017349898815155,
    0.18107487261295319,
    0.16191183030605316,
    0.1563289761543274,
    0.1720045506954193,
    0.143855020403862,
    0.13607372343540192,
    0.1230696514248848,
    0.11808353662490845,
    0.12239426374435425
  ],
  "accuracy": [
    0.2738386392593384,
    0.3325183391571045,
    0.4156479239463806,
    0.5012224912643433,
    0.5330073237419128,
    0.5574572086334229,
    0.596576988697052,
    0.6430317759513855,
    0.6772615909576416,
    0.684596598148346,
    0.6968215107917786,
    0.709046483039856,
    0.7237163782119751,
    0.738386332988739,
    0.7530562281608582,
    0.7750611305236816,
    0.8092909455299377,
    0.8141809105873108,
    0.8239609003067017,
    0.8777506351470947,
    0.8435207605361938,
    0.8728606104850769,
    0.9095354676246643,
    0.9095354676246643,
    0.9339853525161743,
    0.9388753175735474,
    0.9437652826309204,
    0.9584352374076843,
    0.97555011510849,
    0.97555011510849,
    0.955990195274353,
    0.9633252024650574,
    0.9608802199363708,
    0.9877750873565674,
    0.97555011510849,
    0.9902200698852539,
    0.9975550174713135,
    0.9731051325798035,
    0.9902200698852539,
    0.9584352374076843,
    0.9731051325798035,
    0.9828850626945496,
    0.9902200698852539,
    0.9902200698852539,
    0.980440080165863,
    0.995110034942627,
    0.995110034942627,
    0.995110034942627,
    0.9975550174713135,
    0.995110034942627
  ],
  "val_loss": [
    1.3876476287841797,
    1.3876334428787231,
    1.382042646408081,
    1.3675947189331055,
    1.3467260599136353,
    1.2952775955200195,
    1.245599389076233,
    1.2316434383392334,
    1.161142110824585,
    1.1437592506408691,
    1.0926434993743896,
    1.0793840885162354,
    1.0578941106796265,
    1.0170841217041016,
    1.0021758079528809,
    1.0070538520812988,
    0.9108054041862488,
    0.9314773678779602,
    0.8843235373497009,
    0.8552026748657227,
    0.8291954398155212,
    0.7543256282806396,
    0.7180312275886536,
    0.6955466270446777,
    0.6348291635513306,
    0.6102853417396545,
    0.617201030254364,
    0.5524417757987976,
    0.5543738603591919,
    0.5237234234809875,
    0.5258451104164124,
    0.4557037651538849,
    0.4614590108394623,
    0.4731760621070862,
    0.42876943945884705,
    0.43791717290878296,
    0.4005768299102783,
    0.3469666838645935,
    0.36489537358283997,
    0.42459216713905334,
    0.3797495663166046,
    0.41571274399757385,
    0.2536720633506775,
    0.30400875210762024,
    0.30400776863098145,
    0.27417826652526855,
    0.30627909302711487,
    0.27879443764686584,
    0.27823519706726074,
    0.23807570338249207
  ],
  "val_accuracy": [
    0.24271844327449799,
    0.27184465527534485,
    0.3786407709121704,
    0.3883495032787323,
    0.35922330617904663,
    0.4660194218158722,
    0.43689319491386414,
    0.4757281541824341,
    0.48543688654899597,
    0.49514561891555786,
    0.5242718458175659,
    0.5242718458175659,
    0.5339806079864502,
    0.582524299621582,
    0.6407766938209534,
    0.5728155374526978,
    0.6796116232872009,
    0.6407766938209534,
    0.6796116232872009,
    0.6504854559898376,
    0.6699029207229614,
    0.7766990065574646,
    0.7864077687263489,
    0.7572815418243408,
    0.8058252334594727,
    0.7961165308952332,
    0.7766990065574646,
    0.8155339956283569,
    0.8155339956283569,
    0.7961165308952332,
    0.8058252334594727,
    0.8252426981925964,
    0.8543689250946045,
    0.8252426981925964,
    0.8543689250946045,
    0.8737863898277283,
    0.893203854560852,
    0.9029126167297363,
    0.8834951519966125,
    0.844660222530365,
    0.8834951519966125,
    0.844660222530365,
    0.9708737730979919,
    0.9223300814628601,
    0.9029126167297363,
    0.9320388436317444,
    0.893203854560852,
    0.9320388436317444,
    0.9223300814628601,
    0.9417475461959839
  ]
}