,precision,recall,f1-score,support
rest,0.9459459459459459,0.546875,0.693069306930693,64.0
story_math,1.0,0.125,0.2222222222222222,64.0
working_memory,0.3269230769230769,0.53125,0.40476190476190477,64.0
motor,0.38317757009345793,0.640625,0.47953216374269003,64.0
accuracy,0.4609375,0.4609375,0.4609375,0.4609375
macro avg,0.6640116482406203,0.4609375,0.44989639941437753,256.0
weighted avg,0.6640116482406203,0.4609375,0.44989639941437753,256.0
