{
  "loss": [
    1.388863444328308,
    1.294865369796753,
    1.1628609895706177,
    1.1038391590118408,
    1.0729444026947021,
    1.0235532522201538,
    1.00642991065979,
    0.9734375476837158,
    0.9582951068878174,
    0.9749055504798889,
    0.9342789649963379,
    0.9300499558448792,
    0.9171575307846069,
    0.9314324259757996,
    0.9436290860176086,
    0.9177003502845764,
    0.8950238823890686,
    0.9059786200523376,
    0.9020586609840393,
    0.9176213145256042,
    0.8774869441986084,
    0.8708158731460571,
    0.8499356508255005,
    0.8449724912643433,
    0.8550711274147034,
    0.7966058850288391,
    0.8001145124435425,
    0.7491428256034851,
    0.7595186233520508
  ],
  "accuracy": [
    0.22493886947631836,
    0.359413206577301,
    0.4572127163410187,
    0.5183374285697937,
    0.48655256628990173,
    0.47921761870384216,
    0.5012224912643433,
    0.5330073237419128,
    0.5599021911621094,
    0.5061124563217163,
    0.5647921562194824,
    0.5745721459388733,
    0.5794621109962463,
    0.5525672435760498,
    0.5183374285697937,
    0.5599021911621094,
    0.591687023639679,
    0.5892420411109924,
    0.5745721459388733,
    0.5550122261047363,
    0.5819070935249329,
    0.6332518458366394,
    0.6772615909576416,
    0.6185818910598755,
    0.6283618807792664,
    0.6772615909576416,
    0.6870415806770325,
    0.7310513257980347,
    0.7041564583778381
  ],
  "val_loss": [
    1.3355717658996582,
    1.1890331506729126,
    1.1787186861038208,
    1.0827980041503906,
    1.0696848630905151,
    1.0427782535552979,
    1.006836175918579,
    1.081321120262146,
    1.0261565446853638,
    0.9856731295585632,
    1.000698447227478,
    1.036275863647461,
    0.9952782392501831,
    0.9948449730873108,
    1.0010079145431519,
    1.0349626541137695,
    0.9517700672149658,
    1.000584602355957,
    1.0117597579956055,
    0.9787365794181824,
    0.9273424744606018,
    0.9502251744270325,
    0.9644616842269897,
    0.9384185671806335,
    0.9419010281562805,
    0.9349253177642822,
    0.9525204300880432,
    0.9393695592880249,
    0.9388057589530945
  ],
  "val_accuracy": [
    0.3300970792770386,
    0.34951457381248474,
    0.35922330617904663,
    0.43689319491386414,
    0.43689319491386414,
    0.4660194218158722,
    0.48543688654899597,
    0.42718446254730225,
    0.3980582654476166,
    0.4563106894493103,
    0.41747573018074036,
    0.42718446254730225,
    0.4660194218158722,
    0.4757281541824341,
    0.4660194218158722,
    0.3786407709121704,
    0.4660194218158722,
    0.4660194218158722,
    0.49514561891555786,
    0.4660194218158722,
    0.5436893105506897,
    0.553398072719574,
    0.5339806079864502,
    0.5339806079864502,
    0.553398072719574,
    0.6019417643547058,
    0.5436893105506897,
    0.5339806079864502,
    0.5631067752838135
  ]
}