,precision,recall,f1-score,support
rest,0.8709677419354839,0.84375,0.8571428571428571,32.0
story_math,0.5454545454545454,0.375,0.4444444444444444,32.0
working_memory,0.058823529411764705,0.03125,0.04081632653061224,32.0
motor,0.3275862068965517,0.59375,0.4222222222222222,32.0
accuracy,0.4609375,0.4609375,0.4609375,0.4609375
macro avg,0.4507080059245865,0.4609375,0.441156462585034,128.0
weighted avg,0.4507080059245865,0.4609375,0.441156462585034,128.0
