{
  "loss": [
    1.402894139289856,
    1.3821479082107544,
    1.3626564741134644,
    1.355889916419983,
    1.2888987064361572,
    1.1774893999099731,
    1.0888209342956543,
    1.042161464691162,
    0.9936675429344177,
    0.9275054931640625,
    0.8260214924812317,
    0.7762515544891357,
    0.7483359575271606,
    0.7297080755233765,
    0.6840564608573914,
    0.6608966588973999,
    0.6435823440551758,
    0.6306263208389282,
    0.6037244200706482,
    0.6328750848770142,
    0.5949738025665283,
    0.5715035200119019,
    0.5791401267051697,
    0.5628352165222168,
    0.536859393119812,
    0.5099001526832581,
    0.5048214197158813,
    0.500417947769165,
    0.5030400156974792,
    0.4756893813610077,
    0.4807184934616089,
    0.4744514226913452,
    0.44905930757522583,
    0.4293285310268402,
    0.4076549708843231,
    0.4086916744709015,
    0.3970620930194855,
    0.38128694891929626,
    0.3882395923137665,
    0.3707228899002075,
    0.3590906262397766,
    0.345278799533844,
    0.34882187843322754,
    0.32091739773750305,
    0.2937079668045044,
    0.3060958683490753,
    0.29399415850639343,
    0.2768893241882324,
    0.2932354807853699,
    0.2717028558254242
  ],
  "accuracy": [
    0.24786324799060822,
    0.29792430996894836,
    0.3333333432674408,
    0.3443223536014557,
    0.43223443627357483,
    0.470085471868515,
    0.523809552192688,
    0.5396825671195984,
    0.5604395866394043,
    0.6043956279754639,
    0.7081807255744934,
    0.7203907370567322,
    0.7228327393531799,
    0.7106227278709412,
    0.7472527623176575,
    0.7741147875785828,
    0.7838827967643738,
    0.7899878025054932,
    0.7997558116912842,
    0.761904776096344,
    0.7887668013572693,
    0.8278388381004333,
    0.811965823173523,
    0.8351648449897766,
    0.8424908518791199,
    0.8632478713989258,
    0.8498168587684631,
    0.8681318759918213,
    0.8547008633613586,
    0.8840048909187317,
    0.8669108748435974,
    0.8583638668060303,
    0.8974359035491943,
    0.9047619104385376,
    0.9267399311065674,
    0.910866916179657,
    0.9194139242172241,
    0.9242979288101196,
    0.9059829115867615,
    0.9340659379959106,
    0.9291819334030151,
    0.9316239356994629,
    0.9181929230690002,
    0.94017094373703,
    0.9548229575157166,
    0.9340659379959106,
    0.9474969506263733,
    0.9560439586639404,
    0.9474969506263733,
    0.9536019563674927
  ],
  "val_loss": [
    1.3876698017120361,
    1.3859236240386963,
    1.3877233266830444,
    1.3741909265518188,
    1.3245747089385986,
    1.160059928894043,
    1.1195486783981323,
    1.0691146850585938,
    0.9774295687675476,
    0.8255922794342041,
    0.7440418004989624,
    0.7605336308479309,
    0.6949541568756104,
    0.7142086625099182,
    0.6915096640586853,
    0.6593596935272217,
    0.6369724869728088,
    0.6788719892501831,
    0.6255089640617371,
    0.6597206592559814,
    0.6564216613769531,
    0.6345806121826172,
    0.6209661960601807,
    0.6106112003326416,
    0.6357569098472595,
    0.5959931015968323,
    0.5940934419631958,
    0.6062293648719788,
    0.5498782396316528,
    0.5613915324211121,
    0.5291431546211243,
    0.5292967557907104,
    0.572510302066803,
    0.4890861213207245,
    0.4727943241596222,
    0.4904899299144745,
    0.45404067635536194,
    0.4263513386249542,
    0.4525909721851349,
    0.433220237493515,
    0.41276293992996216,
    0.3873360753059387,
    0.4095377027988434,
    0.35140901803970337,
    0.36620858311653137,
    0.33653563261032104,
    0.319931298494339,
    0.3376975953578949,
    0.3430896997451782,
    0.3490784168243408
  ],
  "val_accuracy": [
    0.19512194395065308,
    0.24390244483947754,
    0.20000000298023224,
    0.356097549200058,
    0.37560975551605225,
    0.43414634466171265,
    0.4585365951061249,
    0.5365853905677795,
    0.5804877877235413,
    0.6731707453727722,
    0.707317054271698,
    0.6390243768692017,
    0.712195098400116,
    0.6780487895011902,
    0.6975609660148621,
    0.7219512462615967,
    0.7512195110321045,
    0.6878048777580261,
    0.7560975551605225,
    0.712195098400116,
    0.7512195110321045,
    0.7268292903900146,
    0.7560975551605225,
    0.795121967792511,
    0.7317073345184326,
    0.7658536434173584,
    0.790243923664093,
    0.7658536434173584,
    0.8048780560493469,
    0.8439024686813354,
    0.8390243649482727,
    0.8341463208198547,
    0.8097561001777649,
    0.8536585569381714,
    0.8390243649482727,
    0.8390243649482727,
    0.8682926893234253,
    0.8829268217086792,
    0.8682926893234253,
    0.8829268217086792,
    0.8829268217086792,
    0.8780487775802612,
    0.8682926893234253,
    0.8829268217086792,
    0.8975609540939331,
    0.9170731902122498,
    0.9268292784690857,
    0.9170731902122498,
    0.9170731902122498,
    0.9024389982223511
  ]
}