,precision,recall,f1-score,support
rest,0.8974358974358975,0.546875,0.6796116504854369,64.0
story_math,0.7391304347826086,0.265625,0.39080459770114945,64.0
working_memory,0.36363636363636365,0.125,0.18604651162790697,64.0
motor,0.32558139534883723,0.875,0.4745762711864407,64.0
accuracy,0.453125,0.453125,0.453125,0.453125
macro avg,0.5814460228009268,0.453125,0.43275975775023356,256.0
weighted avg,0.5814460228009268,0.453125,0.43275975775023356,256.0
