,precision,recall,f1-score,support
rest,1.0,0.65625,0.7924528301886793,64.0
story_math,0.8275862068965517,0.375,0.5161290322580645,64.0
working_memory,0.4430379746835443,0.546875,0.48951048951048953,64.0
motor,0.5,0.828125,0.6235294117647059,64.0
accuracy,0.6015625,0.6015625,0.6015625,0.6015625
macro avg,0.692656045395024,0.6015625,0.6054054409304848,256.0
weighted avg,0.692656045395024,0.6015625,0.6054054409304848,256.0
