,precision,recall,f1-score,support
rest,0.918918918918919,0.53125,0.6732673267326733,64.0
story_math,0.75,0.046875,0.08823529411764706,64.0
working_memory,0.24761904761904763,0.40625,0.3076923076923077,64.0
motor,0.24545454545454545,0.421875,0.31034482758620685,64.0
accuracy,0.3515625,0.3515625,0.3515625,0.3515625
macro avg,0.540498127998128,0.3515625,0.34488493903220874,256.0
weighted avg,0.540498127998128,0.3515625,0.34488493903220874,256.0
