,precision,recall,f1-score,support
rest,0.8947368421052632,0.53125,0.6666666666666666,64.0
story_math,0.825,0.515625,0.6346153846153846,64.0
working_memory,0.32857142857142857,0.359375,0.34328358208955223,64.0
motor,0.28703703703703703,0.484375,0.3604651162790698,64.0
accuracy,0.47265625,0.47265625,0.47265625,0.47265625
macro avg,0.5838363269284322,0.47265625,0.5012576874126683,256.0
weighted avg,0.5838363269284322,0.47265625,0.5012576874126683,256.0
