{
  "loss": [
    1.4026085138320923,
    1.348079800605774,
    1.2599493265151978,
    1.049770712852478,
    0.8521173000335693,
    0.7435450553894043,
    0.6875825524330139,
    0.5937420725822449,
    0.556122362613678,
    0.5092140436172485,
    0.49423667788505554,
    0.45490920543670654,
    0.4412602484226227,
    0.42787623405456543,
    0.37987256050109863,
    0.34826797246932983,
    0.33543282747268677,
    0.3323174715042114,
    0.2876931130886078,
    0.2824989855289459,
    0.2642393112182617,
    0.23669931292533875,
    0.25170639157295227,
    0.2218187302350998,
    0.2093953639268875,
    0.20167392492294312,
    0.23806533217430115,
    0.24995476007461548,
    0.17616045475006104,
    0.1576133370399475,
    0.15434275567531586,
    0.13386280834674835,
    0.13899214565753937,
    0.10850188881158829,
    0.1126323789358139,
    0.12675578892230988,
    0.12074042111635208,
    0.1024235337972641,
    0.09844543784856796,
    0.10405411571264267,
    0.100045345723629,
    0.10644124448299408,
    0.08537846058607101,
    0.08952055126428604,
    0.08566776663064957,
    0.08867919445037842,
    0.08335036784410477,
    0.08301862329244614,
    0.05931366607546806,
    0.06596603989601135
  ],
  "accuracy": [
    0.2671568691730499,
    0.3541666567325592,
    0.49754902720451355,
    0.6188725233078003,
    0.6973039507865906,
    0.7475489974021912,
    0.7757353186607361,
    0.8296568393707275,
    0.8676470518112183,
    0.8786764740943909,
    0.8639705777168274,
    0.9019607901573181,
    0.8799019455909729,
    0.8933823704719543,
    0.9191176295280457,
    0.9338235259056091,
    0.9424019455909729,
    0.9411764740943909,
    0.9534313678741455,
    0.968137264251709,
    0.9595588445663452,
    0.9767156839370728,
    0.9546568393707275,
    0.9754902124404907,
    0.970588207244873,
    0.9803921580314636,
    0.9644607901573181,
    0.9473039507865906,
    0.9828431606292725,
    0.9901960492134094,
    0.9840686321258545,
    0.9926470518112183,
    0.9889705777168274,
    0.9950980544090271,
    0.9901960492134094,
    0.9877451062202454,
    0.9914215803146362,
    0.9975489974021912,
    0.9901960492134094,
    0.9975489974021912,
    0.9877451062202454,
    0.9914215803146362,
    0.9914215803146362,
    0.9975489974021912,
    0.9975489974021912,
    0.9914215803146362,
    0.9914215803146362,
    1.0,
    0.9975489974021912,
    0.9975489974021912
  ],
  "val_loss": [
    1.385123372077942,
    1.3804609775543213,
    1.3373879194259644,
    1.1665046215057373,
    0.9770495295524597,
    0.8940906524658203,
    0.7571213245391846,
    0.7322104573249817,
    0.6966807246208191,
    0.6048545241355896,
    0.5917036533355713,
    0.5662933588027954,
    0.5829039812088013,
    0.5951640009880066,
    0.5262532830238342,
    0.5342557430267334,
    0.49758419394493103,
    0.49341219663619995,
    0.4984472095966339,
    0.5100985169410706,
    0.47614043951034546,
    0.5339773893356323,
    0.4782470464706421,
    0.4592639207839966,
    0.4709000885486603,
    0.48848918080329895,
    0.6095417737960815,
    0.41138219833374023,
    0.43225985765457153,
    0.4684712290763855,
    0.407197505235672,
    0.4508451223373413,
    0.4268713593482971,
    0.45783835649490356,
    0.4016838073730469,
    0.48047080636024475,
    0.40365421772003174,
    0.43624407052993774,
    0.44450730085372925,
    0.4807794690132141,
    0.4460221827030182,
    0.39494946599006653,
    0.4448032081127167,
    0.4026612639427185,
    0.4447733163833618,
    0.44245317578315735,
    0.40292149782180786,
    0.46521708369255066,
    0.4415615499019623,
    0.39393967390060425
  ],
  "val_accuracy": [
    0.3365384638309479,
    0.36538460850715637,
    0.5384615659713745,
    0.6153846383094788,
    0.6346153616905212,
    0.7403846383094788,
    0.7980769276618958,
    0.754807710647583,
    0.7692307829856873,
    0.817307710647583,
    0.8125,
    0.7980769276618958,
    0.7788461446762085,
    0.7740384340286255,
    0.817307710647583,
    0.7980769276618958,
    0.8221153616905212,
    0.8028846383094788,
    0.8269230723381042,
    0.8125,
    0.817307710647583,
    0.8125,
    0.8365384340286255,
    0.817307710647583,
    0.8413461446762085,
    0.8461538553237915,
    0.8028846383094788,
    0.8653846383094788,
    0.8461538553237915,
    0.8317307829856873,
    0.879807710647583,
    0.8365384340286255,
    0.8846153616905212,
    0.8461538553237915,
    0.875,
    0.8557692170143127,
    0.8653846383094788,
    0.8653846383094788,
    0.8557692170143127,
    0.8413461446762085,
    0.875,
    0.8605769276618958,
    0.875,
    0.8846153616905212,
    0.8509615659713745,
    0.8557692170143127,
    0.8557692170143127,
    0.8365384340286255,
    0.8557692170143127,
    0.8894230723381042
  ]
}