,precision,recall,f1-score,support
rest,0.7297297297297297,0.84375,0.7826086956521738,32.0
story_math,0.7619047619047619,0.5,0.6037735849056604,32.0
working_memory,0.53125,0.53125,0.53125,32.0
motor,0.5526315789473685,0.65625,0.6,32.0
accuracy,0.6328125,0.6328125,0.6328125,0.6328125
macro avg,0.6438790176454651,0.6328125,0.6294080701394585,128.0
weighted avg,0.6438790176454651,0.6328125,0.6294080701394585,128.0
