,precision,recall,f1-score,support
rest,0.6078431372549019,0.96875,0.7469879518072289,32.0
story_math,0.28125,0.28125,0.28125,32.0
working_memory,0.2727272727272727,0.09375,0.13953488372093023,32.0
motor,0.2647058823529412,0.28125,0.2727272727272727,32.0
accuracy,0.40625,0.40625,0.40625,0.40625
macro avg,0.3566315730837789,0.40625,0.36012502706385796,128.0
weighted avg,0.3566315730837789,0.40625,0.36012502706385796,128.0
