{
  "loss": [
    1.3903826475143433,
    1.3671941757202148,
    1.3456615209579468,
    1.2987958192825317,
    1.1960872411727905,
    1.1157937049865723,
    1.0306965112686157,
    0.9865638613700867,
    0.9622891545295715,
    0.867384672164917,
    0.7953259348869324,
    0.7677218317985535,
    0.7253110408782959,
    0.7011393904685974,
    0.6940826177597046,
    0.682539165019989,
    0.6731808185577393,
    0.6520146131515503,
    0.6614091396331787,
    0.6402203440666199,
    0.6282263398170471,
    0.5976220965385437,
    0.5768845081329346,
    0.5794211626052856,
    0.5810001492500305,
    0.5562782883644104,
    0.5666877031326294,
    0.543883740901947,
    0.5230112075805664,
    0.5337947010993958,
    0.5287569761276245,
    0.5038686394691467,
    0.4988839328289032,
    0.4946128726005554,
    0.48860716819763184,
    0.461620956659317,
    0.4551441967487335,
    0.4502756595611572,
    0.4571295976638794,
    0.4151221215724945,
    0.4014410376548767,
    0.3985965847969055,
    0.3830120861530304,
    0.3704895079135895,
    0.36183181405067444,
    0.3605946898460388,
    0.34147176146507263,
    0.3280254304409027,
    0.30338993668556213,
    0.30535101890563965
  ],
  "accuracy": [
    0.2671568691730499,
    0.3272058963775635,
    0.36151960492134094,
    0.4264705777168274,
    0.469362735748291,
    0.5208333134651184,
    0.5772058963775635,
    0.623774528503418,
    0.5735294222831726,
    0.6973039507865906,
    0.7365196347236633,
    0.7279411554336548,
    0.7683823704719543,
    0.751225471496582,
    0.7524510025978088,
    0.7659313678741455,
    0.75,
    0.7757353186607361,
    0.7671568393707275,
    0.7598039507865906,
    0.779411792755127,
    0.8075980544090271,
    0.8161764740943909,
    0.8075980544090271,
    0.8100489974021912,
    0.8272058963775635,
    0.8161764740943909,
    0.8198529481887817,
    0.8333333134651184,
    0.8468137383460999,
    0.8382353186607361,
    0.8541666865348816,
    0.8529411554336548,
    0.8615196347236633,
    0.8774510025978088,
    0.8786764740943909,
    0.8823529481887817,
    0.8700980544090271,
    0.8688725233078003,
    0.9117646813392639,
    0.9105392098426819,
    0.9166666865348816,
    0.9203431606292725,
    0.9313725233078003,
    0.9276960492134094,
    0.9350489974021912,
    0.936274528503418,
    0.938725471496582,
    0.9571078419685364,
    0.9546568393707275
  ],
  "val_loss": [
    1.3851338624954224,
    1.3821154832839966,
    1.370918869972229,
    1.336152195930481,
    1.2156013250350952,
    1.0900769233703613,
    1.0124015808105469,
    0.969105064868927,
    0.8564226627349854,
    0.7637923955917358,
    0.7192760705947876,
    0.6923540830612183,
    0.6895376443862915,
    0.6887667179107666,
    0.6471020579338074,
    0.6399894952774048,
    0.6304274797439575,
    0.6979184746742249,
    0.6484259366989136,
    0.6068785190582275,
    0.6162843704223633,
    0.6276918649673462,
    0.6069350838661194,
    0.6225119233131409,
    0.6264728903770447,
    0.6061435341835022,
    0.6125961542129517,
    0.6119034886360168,
    0.599655032157898,
    0.6154594421386719,
    0.6105847358703613,
    0.590566873550415,
    0.5976148843765259,
    0.563335657119751,
    0.5276461839675903,
    0.5517006516456604,
    0.5717877745628357,
    0.5395263433456421,
    0.5400885343551636,
    0.5580695271492004,
    0.46471360325813293,
    0.48507845401763916,
    0.4761441946029663,
    0.4766223728656769,
    0.4807712137699127,
    0.46694326400756836,
    0.4269731640815735,
    0.425986647605896,
    0.45634862780570984,
    0.44964420795440674
  ],
  "val_accuracy": [
    0.30288460850715637,
    0.30288460850715637,
    0.4086538553237915,
    0.5192307829856873,
    0.5480769276618958,
    0.567307710647583,
    0.5480769276618958,
    0.5817307829856873,
    0.6490384340286255,
    0.6875,
    0.7211538553237915,
    0.7259615659713745,
    0.7067307829856873,
    0.7211538553237915,
    0.745192289352417,
    0.75,
    0.7355769276618958,
    0.692307710647583,
    0.7067307829856873,
    0.7644230723381042,
    0.7644230723381042,
    0.7259615659713745,
    0.7788461446762085,
    0.7403846383094788,
    0.7740384340286255,
    0.75,
    0.745192289352417,
    0.7596153616905212,
    0.7788461446762085,
    0.7596153616905212,
    0.754807710647583,
    0.7740384340286255,
    0.7740384340286255,
    0.8317307829856873,
    0.870192289352417,
    0.8365384340286255,
    0.8028846383094788,
    0.8221153616905212,
    0.8605769276618958,
    0.870192289352417,
    0.8894230723381042,
    0.8990384340286255,
    0.8557692170143127,
    0.8461538553237915,
    0.8461538553237915,
    0.875,
    0.9038461446762085,
    0.8894230723381042,
    0.875,
    0.8846153616905212
  ]
}