{
  "loss": [
    1.4100757837295532,
    1.262086033821106,
    1.1211975812911987,
    1.051256537437439,
    1.0170140266418457,
    1.0101484060287476,
    0.9786772131919861,
    0.9623713493347168,
    0.9520821571350098,
    0.9238537549972534,
    0.9125149250030518,
    0.7875654697418213,
    0.6920839548110962,
    0.6949800252914429,
    0.6496483683586121,
    0.6458077430725098,
    0.6241809725761414,
    0.6288247108459473,
    0.6035258173942566,
    0.6073296070098877,
    0.5759415626525879,
    0.5793877840042114,
    0.5593321919441223,
    0.5447415113449097,
    0.5307900905609131,
    0.5310133695602417,
    0.5047248005867004,
    0.5108230710029602,
    0.5090263485908508,
    0.4822152554988861,
    0.4698776602745056,
    0.4476732015609741,
    0.45701780915260315,
    0.4533348083496094,
    0.41082465648651123,
    0.43021371960639954,
    0.42986586689949036,
    0.4303651750087738,
    0.39993393421173096,
    0.3785726726055145,
    0.38581958413124084,
    0.3535833954811096,
    0.3450792133808136,
    0.34408462047576904,
    0.32666516304016113,
    0.33815574645996094,
    0.32708314061164856,
    0.3061329126358032,
    0.29902341961860657,
    0.2914813756942749
  ],
  "accuracy": [
    0.2576312720775604,
    0.37240538001060486,
    0.46886447072029114,
    0.4908424913883209,
    0.5250305533409119,
    0.4859584867954254,
    0.514041543006897,
    0.5372405648231506,
    0.5323565602302551,
    0.5860806107521057,
    0.60317462682724,
    0.7069597244262695,
    0.7655677795410156,
    0.7301587462425232,
    0.7753357887268066,
    0.771672785282135,
    0.7887668013572693,
    0.7692307829856873,
    0.7863247990608215,
    0.7777777910232544,
    0.8034188151359558,
    0.7924298048019409,
    0.821733832359314,
    0.8400488495826721,
    0.8376068472862244,
    0.8278388381004333,
    0.8437118530273438,
    0.8522588610649109,
    0.8241758346557617,
    0.8498168587684631,
    0.8669108748435974,
    0.8644688725471497,
    0.8571428656578064,
    0.8632478713989258,
    0.8986569046974182,
    0.8620268702507019,
    0.8803418874740601,
    0.870573878288269,
    0.8986569046974182,
    0.9023199081420898,
    0.9120879173278809,
    0.9255189299583435,
    0.9194139242172241,
    0.9181929230690002,
    0.9340659379959106,
    0.9157509207725525,
    0.9169719219207764,
    0.9279609322547913,
    0.9279609322547913,
    0.9462759494781494
  ],
  "val_loss": [
    1.303259015083313,
    1.1591603755950928,
    1.0460132360458374,
    1.0257058143615723,
    1.0117844343185425,
    1.1482775211334229,
    0.9754733443260193,
    1.0135252475738525,
    1.1134490966796875,
    1.0371137857437134,
    0.8721645474433899,
    0.746626079082489,
    0.7443624138832092,
    0.7218925952911377,
    0.6212330460548401,
    0.6856745481491089,
    0.6236286163330078,
    0.5946123003959656,
    0.7005041241645813,
    0.6139137148857117,
    0.6533980369567871,
    0.5879791975021362,
    0.6470746397972107,
    0.6052365899085999,
    0.5844619870185852,
    0.6024500131607056,
    0.5537843704223633,
    0.5407605171203613,
    0.5317707657814026,
    0.5415548086166382,
    0.5318641662597656,
    0.5283617973327637,
    0.5157150030136108,
    0.5005375146865845,
    0.4670751690864563,
    0.46440309286117554,
    0.5175771713256836,
    0.44586625695228577,
    0.44723525643348694,
    0.44696804881095886,
    0.43044883012771606,
    0.4530284106731415,
    0.44411951303482056,
    0.3841020166873932,
    0.3937143385410309,
    0.3899884521961212,
    0.3796522319316864,
    0.3870104253292084,
    0.37722474336624146,
    0.3399684727191925
  ],
  "val_accuracy": [
    0.3365853726863861,
    0.3707317113876343,
    0.46341463923454285,
    0.44878047704696655,
    0.4439024329185486,
    0.4097560942173004,
    0.497560977935791,
    0.46341463923454285,
    0.44878047704696655,
    0.4829268157482147,
    0.6634146571159363,
    0.7317073345184326,
    0.7365853786468506,
    0.6926829218864441,
    0.7658536434173584,
    0.7268292903900146,
    0.7707316875457764,
    0.790243923664093,
    0.7170731425285339,
    0.7658536434173584,
    0.7268292903900146,
    0.8195121884346008,
    0.800000011920929,
    0.7804877758026123,
    0.8048780560493469,
    0.795121967792511,
    0.790243923664093,
    0.8243902325630188,
    0.8195121884346008,
    0.790243923664093,
    0.8195121884346008,
    0.8146341443061829,
    0.8243902325630188,
    0.8585366010665894,
    0.8439024686813354,
    0.8585366010665894,
    0.8097561001777649,
    0.8634146451950073,
    0.8536585569381714,
    0.8536585569381714,
    0.8975609540939331,
    0.8390243649482727,
    0.8243902325630188,
    0.8878048658370972,
    0.8878048658370972,
    0.8829268217086792,
    0.8731707334518433,
    0.8975609540939331,
    0.8829268217086792,
    0.9073171019554138
  ]
}