,precision,recall,f1-score,support
rest,0.9259259259259259,0.78125,0.847457627118644,64.0
story_math,0.84,0.328125,0.47191011235955055,64.0
working_memory,0.5375,0.671875,0.5972222222222222,64.0
motor,0.4536082474226804,0.6875,0.546583850931677,64.0
accuracy,0.6171875,0.6171875,0.6171875,0.6171875
macro avg,0.6892585433371516,0.6171875,0.6157934531580235,256.0
weighted avg,0.6892585433371516,0.6171875,0.6157934531580235,256.0
