{
  "loss": [
    1.4353960752487183,
    1.3411375284194946,
    1.2897255420684814,
    1.2050135135650635,
    1.122524619102478,
    1.0706329345703125,
    1.014699101448059,
    0.9631330966949463,
    0.9438781142234802,
    0.9057963490486145,
    0.8717959523200989,
    0.8219166398048401,
    0.7821062803268433,
    0.7493415474891663,
    0.7048316597938538,
    0.6609297394752502,
    0.5996917486190796,
    0.5750214457511902,
    0.5876532196998596,
    0.546400785446167,
    0.504467248916626
  ],
  "accuracy": [
    0.25961539149284363,
    0.36057692766189575,
    0.42067307233810425,
    0.5288461446762085,
    0.5721153616905212,
    0.5480769276618958,
    0.6009615659713745,
    0.6658653616905212,
    0.6322115659713745,
    0.6947115659713745,
    0.7115384340286255,
    0.75,
    0.7596153616905212,
    0.8149038553237915,
    0.8100961446762085,
    0.84375,
    0.875,
    0.8918269276618958,
    0.8557692170143127,
    0.8990384340286255,
    0.90625
  ],
  "val_loss": [
    1.383618712425232,
    1.3796249628067017,
    1.3654950857162476,
    1.3308652639389038,
    1.2805296182632446,
    1.2278803586959839,
    1.195107340812683,
    1.1789660453796387,
    1.1652917861938477,
    1.2255914211273193,
    1.1392159461975098,
    1.063606858253479,
    1.0279011726379395,
    1.0740383863449097,
    1.1202774047851562,
    1.1398874521255493,
    1.162436604499817,
    1.1711647510528564,
    1.3956379890441895,
    1.2696489095687866,
    1.2104116678237915
  ],
  "val_accuracy": [
    0.3229166567325592,
    0.3229166567325592,
    0.3541666567325592,
    0.4583333432674408,
    0.46875,
    0.46875,
    0.53125,
    0.53125,
    0.4791666567325592,
    0.3541666567325592,
    0.4270833432674408,
    0.4583333432674408,
    0.4791666567325592,
    0.4270833432674408,
    0.375,
    0.3645833432674408,
    0.4270833432674408,
    0.46875,
    0.3125,
    0.4270833432674408,
    0.4270833432674408
  ]
}