{
  "loss": [
    1.4027061462402344,
    1.3833757638931274,
    1.3695918321609497,
    1.3731229305267334,
    1.348440170288086,
    1.335563063621521,
    1.3063266277313232,
    1.2686032056808472,
    1.237060308456421,
    1.1767832040786743,
    1.114976406097412,
    1.0806043148040771,
    1.0554077625274658,
    1.0128874778747559,
    1.0020185708999634,
    0.9788627624511719,
    0.9473431706428528,
    0.9161192178726196,
    0.8583961725234985,
    0.8280980587005615,
    0.8107777833938599
  ],
  "accuracy": [
    0.24038460850715637,
    0.29086539149284363,
    0.3197115361690521,
    0.29807692766189575,
    0.3365384638309479,
    0.35817307233810425,
    0.3725961446762085,
    0.4399038553237915,
    0.47836539149284363,
    0.5384615659713745,
    0.567307710647583,
    0.5769230723381042,
    0.6081730723381042,
    0.6730769276618958,
    0.6442307829856873,
    0.6682692170143127,
    0.6490384340286255,
    0.6899038553237915,
    0.7379807829856873,
    0.7259615659713745,
    0.7620192170143127
  ],
  "val_loss": [
    1.3883676528930664,
    1.3884949684143066,
    1.3861522674560547,
    1.3799012899398804,
    1.3638334274291992,
    1.3262630701065063,
    1.2831798791885376,
    1.211350440979004,
    1.143026351928711,
    1.0776174068450928,
    1.0371426343917847,
    1.022196650505066,
    1.0000109672546387,
    1.0078471899032593,
    1.006313681602478,
    1.0092209577560425,
    1.0575886964797974,
    1.026780605316162,
    1.0586408376693726,
    1.0641632080078125,
    1.0572558641433716
  ],
  "val_accuracy": [
    0.1875,
    0.2916666567325592,
    0.2708333432674408,
    0.3229166567325592,
    0.3229166567325592,
    0.3020833432674408,
    0.3645833432674408,
    0.4583333432674408,
    0.5416666865348816,
    0.5729166865348816,
    0.53125,
    0.5625,
    0.5729166865348816,
    0.5,
    0.5104166865348816,
    0.5,
    0.4791666567325592,
    0.4895833432674408,
    0.4479166567325592,
    0.4375,
    0.5
  ]
}