,precision,recall,f1-score,support
rest,0.9487179487179487,0.578125,0.7184466019417476,64.0
story_math,0.9230769230769231,0.1875,0.3116883116883117,64.0
working_memory,0.3053435114503817,0.625,0.41025641025641024,64.0
motor,0.273972602739726,0.3125,0.291970802919708,64.0
accuracy,0.42578125,0.42578125,0.42578125,0.42578125
macro avg,0.612777746496245,0.42578125,0.43309053170154443,256.0
weighted avg,0.612777746496245,0.42578125,0.43309053170154443,256.0
